item,question,passage,rater_1,rater_2
1,Does confined placental mosaicism account for adverse perinatal outcomes in IVF pregnancies?,The incidence of CPM is not increased in IVF/ICSI pregnancies compared with spontaneous conceptions. CPM probably does not account for the adverse perinatal outcomes following IVF/ICSI.,,
2,Does route of delivery affect maternal and perinatal outcome in women with eclampsia?,"Groups were comparable at baseline with respect to age and key clinical parameters. Maternal event rate was similar: 10.89% in the cesarean arm vs 7.07% for vaginal delivery (relative risk, 1.54; 95% confidence interval, 0.62-3.81). Although the neonatal event rate was less in cesarean delivery-9.90% vs 19.19% (relative risk, 0.52; 95% confidence interval, 0.25-1.05)-the difference was not significant statistically.",,
3,Do emergency medical services professionals think they should participate in disease prevention?,"The survey was completed by 27,233 EMS professionals. Of these responders, 82.7% (99% CI: 82.1-83.3) felt that EMS professionals should participate in disease prevention, with those working 20 to 29 hours per week being the least likely to think they should participate (67.4%, p<0.001). About a third, 33.8% (99% CI: 33.1-34.6), of the respondents reported having provided prevention services, with those having a graduate degree (43.5%, p<0.001), those working in EMS for more than 21 years (44%, p<0.001), those working for the military (57%, p<0.001), those working 60 to 69 hours per week (41%, p<0.001), and those responding to zero emergency calls in a typical week (43%, p<0.001) being the most likely to report having provided prevention services. About half, 51.1% (99% CI: 50.4-51.9), of the respondents agreed that prevention services should be provided during emergency calls, and 7.7% (99% CI: 7.3-8.1) of the respondents reported providing prevention services during emergency calls. No demographic differences existed. Those who had participated in prevention programs were more likely to respond that EMS professionals should participate in prevention (92% vs. 82%, p<0.001). Further, those who had provided prevention services during emergency calls were more likely to think EMS professionals should provide prevention services during emergency calls (81% vs. 51%, p<0.001).",,
4,Discharging patients earlier from Winnipeg hospitals: does it adversely affect quality of care?,Improving hospital efficiency by shortening length of stay does not appear to result in increased rates of readmission or numbers of physician visits within 30 days after discharge from hospital. Research is needed to identify optimal lengths of stay and expected readmission rates.,,
5,Do emergency medical services professionals think they should participate in disease prevention?,"The majority of EMS professionals thought that they should participate in disease and injury prevention programs. The respondents were mixed as to whether prevention services should be provided while on emergency calls, but those with experience providing these services were more likely to agree with providing them during emergency calls.",,
6,Cold preparation use in young children after FDA warnings: do concerns still exist?,"In all, 65 patients and their caregivers consented and participated in the study. During the demonstration, 82% (53/65) stated that they would treat with cough or cold medicines, and 72% (38/53) incorrectly dosed the medication they desired to give.",,
7,Cold preparation use in young children after FDA warnings: do concerns still exist?,"Despite current recommendations, cough and cold medicines are still used in children younger than 6 years of age. A significant portion of caregivers report that they are still unaware of public warnings, potential side effects, and interactions with other medications.",,
8,Does pretreatment with statins improve clinical outcome after stroke?,"The statistical power of this case-referent study was such that only large beneficial effects of statins in acute stroke could be confirmed. However, the observed trend, together with experimental observations, is interesting enough to warrant a more detailed analysis of the relationship between statins and stroke outcome.",,
9,Necrotizing fasciitis: an indication for hyperbaric oxygenation therapy?,"The two groups were found to be similar with regard to age, gender, the incidence of individual risk factors for ominous prognosis, and the Acute Physiology and Chronic Health Evaluation (APACHE) II score for disease's severity on presentation. The mortality rate among the HBO-treated patients was 36%, as opposed to 25% in the non-HBO group. The mean number of surgical débridements required per patient was significantly higher in the HBO group: 3.3 compared with 1.5 in the non-HBO-treated patients. Although the average length of hospitalization for survivors was shorter for the HBO group, the difference between the groups did not reach statistical significance.",,
10,Is oral endotracheal intubation efficacy impaired in the helicopter environment?,"The mean time required for in-flight intubation (25.9 +/- 10.9 seconds) was significantly longer than the corresponding time (13.2 +/- 2.8 seconds) required for intubation in the control setting (ANOVA, F = 38.7, p<.001). All intubations performed in the control setting were placed correctly in the trachea; there were two (6.7%) esophageal intubations in the in-flight setting. The difference in appropriate endotracheal intubation between the two settings was not significant (chi 2 = 0.3; p>0.05).",,
11,Does pretreatment with statins improve clinical outcome after stroke?,"The unadjusted odds ratio for early discharge to home (versus late discharge or death) was 1.41 (95% CI 0.91 to 2.17) when patients on statin treatment were compared with referent stroke patients not on statins. Prognostic factors were, in general, more unfavorable among patients on statins. When this was adjusted for in a logistic regression model, the use of statins was a moderately strong but statistically nonsignificant predictor of discharge to home (multiple-adjusted odds ratio 1.42, 95% CI 0.90 to 2.22).",,
12,Is irritable bowel syndrome a diagnosis of exclusion?,Most community providers believe IBS is a diagnosis of exclusion; this belief is associated with increased resource use. Experts comply more closely with guidelines to diagnose IBS with minimal testing. This disconnect suggests that better implementation of guidelines is warranted to minimize variation and improve cost-effectiveness of care.,,
13,Is there a uniform basal endometrial gene expression profile during the implantation window in women who became pregnant in a subsequent ICSI cycle?,"Fifteen patients were included in the analysis as they became pregnant after ICSI procedure. Four of 47 selected genes were excluded from the analysis. Of the 43 genes analyzed, only 6 genes (VEGFA, PLA2G2A, ALPL, LIF, NNMT and STC1) showed a statistically uniform expression among patients who subsequently became pregnant. For all the other genes analyzed there were considerable differences in their expression levels amongst women who subsequently became pregnant.",,
14,Is irritable bowel syndrome a diagnosis of exclusion?,"Experts were less likely than nonexperts to endorse IBS as a diagnosis of exclusion (8 vs. 72%; P<0.0001). In the D-IBS vignette, experts were more likely to make a positive diagnosis of IBS (67 vs. 38%; P<0.001), to perform fewer tests (2.0 vs. 4.1; P<0.01), and to expend less money on testing (US$297 vs. $658; P<0.01). Providers who believed IBS is a diagnosis of exclusion ordered 1.6 more tests and consumed $364 more than others (P<0.0001). Experts only rated celiac sprue screening and complete blood count as appropriate in D-IBS; nonexperts rated most tests as appropriate. Parallel results were found in the C-IBS vignette.",,
15,"Young-Burgess classification of pelvic ring fractures: does it predict mortality, transfusion requirements, and non-orthopaedic injuries?","Despite a relatively large sample size, the ability of the Young-Burgess system to predict mortality only approached statistical significance (P = 0.07, Kruskal-Wallis). The Young-Burgess system differentiated transfusion requirements--lateral compression Type 3 (LC3) and anteroposterior compression Types 2 (APC2) and 3 (APC3) fractures had higher transfusion requirements than did lateral compression Type 1 (LC1), anteroposterior compression Type 1 (APC1), and vertical shear (VS) (P<0.05)--but was not as useful at predicting head, chest, or abdomen injuries. Dividing fractures into stable and unstable types allowed the system to predict mortality rates, abdomen injury rates, and transfusion requirements. Overall mortality in the study group was 9.1%, unchanged from original Young-Burgess studies 15 years previously (P = 0.3).",,
16,Can calprotectin predict relapse risk in inflammatory bowel disease?,"The calprotectin test was positive in 44 UC patients and 26 of them relapsed within a year, while 11 of 53 UC patients with a negative calprotectin test relapsed within the same time frame. Thirty CD patients had a positive calprotectin test and 13 of them relapsed within a year, as did 7 of the 35 with a negative test result. A significant correlation emerged between a positive calprotectin test and the probability of relapse in UC patients (P= 0.000). In CD patients, only cases of colonic CD showed a significant correlation between a positive calprotectin test and the probability of relapse, i.e., 6 colonic CD patients were positive for the calprotectin test and 4 relapsed (P= 0.02).",,
17,Lloyd-Davies position with Trendelenburg--a disaster waiting to happen?,"The use of the modified lithotomy position during pelvic surgery is not associated with lower limb ischemia. Addition of Trendelenburg position, however, causes profound ischemia of the lower limbs, and this is followed during the recovery period by hyperperfusion that is confined to the muscle compartments, which may put patients at risk of developing lower limb compartment syndrome.",,
18,Does Mammographic Density have an Impact on the Margin Re-excision Rate After Breast-Conserving Surgery?,Mammographic density is not associated with an increased need for re-excision or resection of unnecessary margins at initial BCS.,,
19,Are bipolar disorders underdiagnosed in patients with depressive episodes?,The diagnosis of BD in patients with MDE depends strongly on the method and criteria employed. The considerable difference between criteria-free physician's diagnosis and the remaining algorithms indicate the usefulness of criteria lists within the everyday clinical setting.,,
20,Risk factors for major depression during midlife among a community sample of women with and without prior major depression: are they the same or different?,"The menopausal transition warrants attention as a period of vulnerability to MDD recurrence, while health factors and VMS should be considered important risk factors for first lifetime-onset of MDD during midlife.",,
21,Are bipolar disorders underdiagnosed in patients with depressive episodes?,The five different diagnostic approaches yielded immensely variable prevalences for BD: (a) 11.6; (b) 24.8%; (c) 40.6%; (d) 58.7; e) 18.4% with only partial overlap between diagnoses according to the physician's diagnosis or HCL-32R with diagnoses according to the three DSM-based algorithms.,,
22,Lloyd-Davies position with Trendelenburg--a disaster waiting to happen?,"Use of the modified lithotomy position was not associated with any demonstrable decrease in lower limb perfusion. The addition of 15 degrees head-down tilt, however, during pelvic dissection, led to an immediate and significant drop in lower limb perfusion (P<0.05; Mann-Whitney U test). The subgroup of patients analyzed postoperatively showed a ten-fold increase (P<0.01) in perfusion that was confined to the muscle compartment with no demonstrable increase in skin perfusion or intra-arterial pedal blood pressure.",,
23,Are there effects of intrauterine cocaine exposure on delinquency during early adolescence?,"Of the 93 participants, 24 (26%) reported ≥ 3 delinquent behaviors during early adolescence. In the final multivariate model (including level of IUCE and cigarette exposure, childhood exposure to violence, and caregiver strictness/supervision) ≥ 3 delinquent behaviors were not significantly associated with level of IUCE but were significantly associated with intrauterine exposure to half a pack or more of cigarettes per day and higher levels of childhood exposure to violence, effects substantially unchanged after control for early adolescent violence exposure.",,
24,Risk factors for major depression during midlife among a community sample of women with and without prior major depression: are they the same or different?,"Women without lifetime MDD at baseline had a lower risk of developing MDD during midlife than those with a prior MDD history (28% v. 59%) and their risk profiles differed. Health conditions prior to baseline and during follow-ups perception of functioning (ps<0.05) and vasomotor symptoms (VMS) (p = 0.08) were risk factors for first lifetime-onset MDD. Being peri- and post-menopausal, psychological symptoms and a prior anxiety disorder were predominant risk factors for MDD recurrence.",,
25,"Are normally sighted, visually impaired, and blind pedestrians accurate and reliable at making street crossing decisions?","We found that normally sighted and visually impaired pedestrians were accurate and reliable in their street crossing decision-making ability when using either vision plus hearing or vision only (P>0.05). Under the hearing only condition, all subjects were reliable (P>0.05) but inaccurate with their street crossing decisions (P<0.05). Compared to either the normally sighted (P = 0.018) or visually impaired subjects (P = 0.019), blind subjects were the least accurate with their street crossing decisions under the hearing only condition.",,
26,"Are normally sighted, visually impaired, and blind pedestrians accurate and reliable at making street crossing decisions?","Our data suggested that visually impaired pedestrians can make accurate and reliable street crossing decisions like those of normally sighted pedestrians. When using auditory information only, all subjects significantly overestimated the vehicular gap time. Our finding that blind pedestrians performed significantly worse than either the normally sighted or visually impaired subjects under the hearing only condition suggested that they may benefit from training to improve their detection ability and/or interpretation of vehicular gap times.",,
27,Does early discharge with nurse home visits affect adequacy of newborn metabolic screening?,"In this well established early discharge program with nurse home visits, newborn metabolic screening is not compromised by early discharge.",,
28,Is there a uniform basal endometrial gene expression profile during the implantation window in women who became pregnant in a subsequent ICSI cycle?,"Our data suggest that very few genes, which change their expression level during the WOI, show a quantitative homogeneous expression in endometrially-receptive patients. In conclusion, in this study only six genes showed a homogeneous expression, and are probably involved in embryo implantation mechanisms.",,
29,CPAP therapy in patients with idiopathic pulmonary fibrosis and obstructive sleep apnea: does it offer a better quality of life and sleep?,"A statistically significant improvement was observed in the FOSQ at 1, 3, and 6 months after CPAP initiation (baseline 12.9 ± 2.9 vs. 14.7 ± 2.6 vs. 15.8 ± 2.1 vs. 16.9 ± 1.9, respectively, p = 0.02). Improvement, although not statistically significant, was noted in ESS score (9.2 ± 5.6 vs. 7.6 ± 4.9 vs. 7.5 ± 5.3 vs. 7.7 ± 5.2, p = 0.84), PSQI (10.7 ± 4.4 vs. 10.1 ± 4.3 vs. 9.4 ± 4.7 vs. 8.6 ± 5.2, p = 0.66), FSS (39.5 ± 10.2 vs. 34.8 ± 8.5 vs. 33.6 ± 10.7 vs. 33.4 ± 10.9, p = 0.44), SF-36 (63.2 ± 13.9 vs. 68.9 ± 13.5 vs. 72.1 ± 12.9 vs. 74.4 ± 11.3, p = 0.27), and BDI (12.9 ± 5.5 vs. 10.7 ± 4.3 vs. 9.4 ± 4.8 vs. 9.6 ± 4.5, p = 0.40). Two patients had difficulty complying with CPAP for a variety of reasons (nocturnal cough, claustrophobia, insomnia) and stopped CPAP use after the first month, despite intense follow-up by the CPAP clinic staff. Heated humidification was added for all patients in order to improve the common complaint of disabling nocturnal cough.",,
30,Does ultrasound imaging before puncture facilitate internal jugular vein cannulation?,"Patients were randomly assigned to the ultrasound or landmark group. Respiratory jugular venodilation was identified in 188 patients (78.3%), in whom results of cannulation did not differ between the 2 techniques with respect to the venous access rate (cannulated at the first attempt: 83.5% in the landmark v 85.7% in the ultrasound group), the success rate (cannulated within 3 attempts: 96.9% v 95.6%), and the incidence of arterial puncture (1.0% v 3.3%). In the remaining 52 respiratory jugular venodilation-unidentified patients, the access rate (30.4% v 86.2%, p<0.001) and the success rate (78.3 v 100%, p<0.05) were significantly better in the ultrasound group, and no arterial puncture was recorded in the ultrasound group, whereas the incidence was 13.0% in the landmark group. The results were similar regardless of the ultrasound frequency used.",,
31,CPAP therapy in patients with idiopathic pulmonary fibrosis and obstructive sleep apnea: does it offer a better quality of life and sleep?,"Effective CPAP treatment in IPF patients with OSA results in a significant improvement in daily living activities based on the FOSQ, namely an OSA-specific follow-up instrument. Improvement was also noted in other questionnaires assessing quality of life, though not to a statistically significant degree, probably because of the multifactorial influences of IPF on physical and mental health. The probability of poor CPAP compliance was high and could only be eliminated with intense follow-up by the CPAP clinic staff.",,
32,"Young-Burgess classification of pelvic ring fractures: does it predict mortality, transfusion requirements, and non-orthopaedic injuries?","The Young-Burgess system is useful for predicting transfusion requirements. For the system to predict mortality or nonorthopaedic injuries, fractures must be divided into stable (APC1, LC1) and unstable (APC2, APC3, LC2, LC3, VS, combined mechanism of injury) types. LC1 injuries are very common and not always benign (overall mortality rate, 8.2%).",,
33,Does confined placental mosaicism account for adverse perinatal outcomes in IVF pregnancies?,"From a total of 322 246 pregnancies, 20 885 CVS results were analysed: 235 in the IVF/ICSI group and 20 650 in the control group. The mean age of women in both groups was 38.4 years (mean difference -0.08, 95% CI -0.35 to 0.18). Data relating to the fetal karyotype were missing in 143 cases in the control group. When taking into account missing data, the incidence of CPM was lower in the IVF-ICSI group than in the control group, 1.3% versus 2.2% (odds ratio 0.59, 95% CI 0.19-1.85), whereas the incidence of fetal chromosomal anomalies was increased 4.3% versus 2.4% (odds ratio 1.81, 95% CI 0.95-3.42). Neither differences were statistically significant.",,
34,Necrotizing fasciitis: an indication for hyperbaric oxygenation therapy?,The results of this study cast doubt on the suggested advantage of HBO in reducing patient mortality and morbidity when used as adjuvant therapy for NF.,,
35,Can calprotectin predict relapse risk in inflammatory bowel disease?,Measuring calprotectin may help to identify UC and colonic CD patients at higher risk of clinical relapse.,,
36,Diagnosis and follow-up in constipated children: should we use ultrasound?,"Comparison of the US measurements of the 2 radiologists performing the US tests did not show any interobserver difference (r = 0.981; P<.001). We therefore believe our results are objective and reproducible. We found a positive correlation between the rectal diameters and the age, height, weight, and bladder capacity. The posturination mean rectal diameter was thicker in the constipated group (3.02 ± 1.04 cm) than in the control group (1.98 ± 0.64 cm) (P<.001). The cutoff point of rectal diameter for a diagnosis of constipation was determined as 2.44 cm (71% sensitive; 76% specific; area under curve, 0.825; P<.001). The rectal anterior wall thickness and fecal load were higher in the constipated patients (P<.001). There was a significant decrease in the constipation score and fecal load after treatment for a month (P<.001), but the rectal diameter had not reached normal limits yet despite the decrease (2.71 ± 0.77 cm) (P>.05).",,
37,Does route of delivery affect maternal and perinatal outcome in women with eclampsia?,"A policy of early cesarean delivery in eclampsia, carrying ≥34 weeks, is not associated with better outcomes.",,
38,"Is there any evidence of a ""July effect"" in patients undergoing major cancer surgery?","On univariate analysis, the overall postoperative complication rate, as well as genitourinary and hematologic complications specifically, was higher in July than the rest of the year. However, on multivariate analysis, only hematologic complications were significantly higher in July, with no difference in overall postoperative complication rate or in-hospital mortality for all 8 surgeries considered separately or together.",,
39,Does early discharge with nurse home visits affect adequacy of newborn metabolic screening?,"The state laboratory received specimens from 3860 infants; 1324 were on early discharge newborns and 2536 infants in the traditional stay group. At least one filter paper test (PKU, hypothyroidism, and CAH) was collected on 99.2% of early discharge infants and 96.0% of traditional stay infants (P<.0001). Early discharge infants had a higher rate of initial filter paper specimens being inadequate (22.9%) compared with traditional stay infants (14.3%, P<.0001) but had a higher rate of repeat specimens when the initial specimen was inadequate (85.0% early discharge vs 75.3% traditional stay, P=.002). The early discharge group was more likely to have an adequate specimen within the first 9 days of life (1001, 98.8% early discharge vs 2016, 96.7% traditional stay, P=.0005).",,
40,Does ultrasound imaging before puncture facilitate internal jugular vein cannulation?,"Prepuncture ultrasound evaluation did not improve the result of right internal jugular vein cannulation compared with the respiratory jugular venodilation-guided approach. When the landmark was not observed, however, the prepuncture ultrasound guidance was helpful in facilitating the cannulation.",,
41,Does Mammographic Density have an Impact on the Margin Re-excision Rate After Breast-Conserving Surgery?,"Of 655 patients, 398 (60.8%) had BCS, whereas 226 (34.5%) underwent initial mastectomy. The women with denser breasts (BI-RADS 3 or 4) underwent initial mastectomy more frequently than the women with less dense breasts (40.0 vs. 30.5%, respectively; p = 0.0118). Of the patients with BCS, 166 (41.7%) required separate re-excision. Additional margins were taken during BCS in 192 (48.2%) patients, with 151 (78.6%) proving to be unnecessary. In the bivariable analysis, the patients with denser breasts according to BI-RADS classification and volumetric density showed a trend toward requiring more frequent re-excision, but this association was not seen in the multivariable analysis. The rate of unnecessary margins did not differ by breast density. In the multivariate analysis, the re-excision rates increased with DCIS (p<0.0003) and decreased with resection of additional margins (p = 0.0043).",,
42,Are there effects of intrauterine cocaine exposure on delinquency during early adolescence?,"In this cohort, prospectively ascertained prenatal exposure to cigarettes and childhood exposure to violence are associated with self-reported delinquent behaviors during early adolescence. Contrary to initial popular predictions, intrauterine cocaine is not a strong predictor of adolescent delinquent behaviors in this cohort.",,
43,"Is there any evidence of a ""July effect"" in patients undergoing major cancer surgery?","On the whole, the data confirm an absence of a July effect in patients undergoing major cancer surgery.",,
44,Blunt trauma in intoxicated patients: is computed tomography of the abdomen always necessary?,"The incidence of abdominal injury in intoxicated, hemodynamically stable, blunt trauma patients with a normal abdominal examination and normal mentation is low. Physical examination and attention to clinical risk factors allow accurate abdominal evaluation without CT.",,
45,Blunt trauma in intoxicated patients: is computed tomography of the abdomen always necessary?,"Of 324 patients studied, 317 (98%) had CT scans negative for abdominal injury. Abdominal injuries were identified in 7 patients (2%), with only 2 (0.6%) requiring abdominal exploration. A significant association was found between major chest injury and abdominal injury.",,
46,Parasacral sciatic nerve block: does the elicited motor response predict the success rate?,Time to perform the block and level of minimal and maximal stimulation were not different between groups. The success rate of complete block was significantly higher in the tibial compared to the peroneal group (11 of 14 vs 2 of 12; P = 0.002).,,
47,Parasacral sciatic nerve block: does the elicited motor response predict the success rate?,Eliciting a tibial motor response predicts a higher success rate than eliciting a peroneal motor response with parasacral sciatic nerve block.,,
48,Discharging patients earlier from Winnipeg hospitals: does it adversely affect quality of care?,"The length of stay decreased significantly over the 4 years for all of the four categories, the smallest change being observed for patients with AMI (11.1%) and the largest for those with bronchitis or asthma (22.0%). The readmission rates for AMI, bronchitis or asthma, and TURP showed no consistent change over the 4 years. The readmission rate for uterine or adnexal procedures increased significantly between the first and second year (chi 2 = 4.28, p = 0.04) but then remained constant over the next 3 years. The mean number of physician visits increased slightly for AMI in the first year (1.92 to 2.01) and then remained virtually the same. It decreased slightly for bronchitis or asthma over the 4 years. There was no significant correlation between length of stay and readmission rates for individual hospitals in 1992-93 in any of the four categories. Also, no correlation was observed between length of stay and mean number of physician visits for individual hospitals in 1992-93 in the categories AMI and bronchitis or asthma.",,
49,Is oral endotracheal intubation efficacy impaired in the helicopter environment?,Oral endotracheal intubation in the in-flight setting of the BO-105 helicopter takes approximately twice as long as intubation in a ground setting. The results support pre-flight intubation of patients who appear likely to require urgent intubation during air medical transport in the BO-105 helicopter.,,
50,Diagnosis and follow-up in constipated children: should we use ultrasound?,The use of US helps in making a correct diagnosis and in the follow-up with objective criteria and also convinces the patient and the family that the treatment needs to be continued.,,
