item,code,rationale
1,C,"Association with atopic dermatitis holds for impetigo only; molluscum and herpes show no association, so only part of the title is confirmed."
2,C,"Web-based system guides care but uptake depends on education, endorsement and infrastructure, so the answer is conditional."
3,D,"Only cross-sectional correlations between VO2max and microvascular responses are shown, which cannot establish that fitness 'influences' function."
4,F,"The case is presented and resolved as a systemic sulfasalazine reaction, which reads as a 'no' to Crohn's disease."
5,D,A cross-sectional survey comparing poorer and richer respondents cannot settle the causal question of whether assistance improves utilization.
6,C,"Decisions should rest on colonoscopy rather than mutation site, except for codons 1445-1580 where mutation analysis may guide timing of colectomy."
7,C,"Documentation is present for the majority but missing in 30% (opioid dependence) and 11% (MMT), a partial yes."
8,D,A single case report only raises the question; one patient cannot settle whether treatment can be stopped.
9,B,"Only FOSQ improved significantly; ESS, PSQI, FSS, SF-36 and BDI improvements were non-significant in a sample of 12."
10,D,Uncontrolled pilot series of 23 surgical patients with no comparison group; authors say data must be confirmed or refuted.
11,F,"The conclusion states outright that mesocolon invasion should be included in T4, matching the significantly worse outcomes versus T3."
12,C,"Only 7% met Lynch criteria, all within the subgroup with a personal or family history of HNPCC-associated cancer."
13,E,"The qualitative study describes Jordanian men's perspectives and roles in breast health, not an answer to the rhetorical title question."
14,C,"All positive scans were in men over 52 with at least two other risk factors, so screening is suggested only for that subgroup."
15,C,"Sighted and visually impaired subjects were accurate when using vision, but all were inaccurate with hearing only and blind subjects least so."
16,F,Partial prostatectomy after chemoradiotherapy gave a free anterior CRM in all cases and is concluded to be oncologically safe.
17,C,"Withholding anticoagulation is preferred for lobar and most deep ICH, but anticoagulation may benefit deep-ICH patients at high thromboembolic risk."
18,E,"The study compares prognostic value of sacral sparing scores for ambulation with the complete/incomplete distinction, not that distinction's clinical relevance as such."
19,C,"Rescue corticosteroids could apply to only about 18% of women, with identifiable subsets of more likely candidates."
20,C,"VEGF expression is not associated with venous invasion but is an independent predictor of survival, so only half the title holds."
21,A,"Presentation differs sharply (thickness, ulceration, nodes, site) yet stage-for-stage survival does not differ, so endpoints point both ways."
22,C,Not cost-effective for the average 79-year-old woman but cost-effective for women under 70 and higher-risk women aged 71-75.
23,C,Similarity with cervical lesions was found for mild and 'active' lesions only; authors limit it to certain cases with proven HPV infection.
24,E,"The effect was measured on standardized patients rated by students in a skills exam, not on real patients in medical encounters."
25,C,"Bipolar prevalence ranges from 11.6% to 58.7% depending on the diagnostic algorithm, so the answer hinges on the criteria used."
26,C,"Only a slight overall difference, but children with hearing deficits clearly benefited from the specialised training."
27,C,The classification predicts transfusion requirements but predicts mortality and non-orthopaedic injuries only when collapsed into stable/unstable types.
28,C,"Somatization predicted depressive symptoms five years later only in women, not in men."
29,C,"Neighbourhood social capital is associated with sports participation, whereas availability of sports facilities and parks is not."
30,A,Rural midwives report more competence for breech delivery while urban midwives report more for IV fluids and newborn examination.
31,D,Retrospective uncontrolled series with median 39-month follow-up; authors call results preliminary and ask for prospective long-term studies.
32,C,"No association with outcome at the patient level, but a strong association at the hospital level."
33,E,The study reports bactericidal activity of three antiseptics under adapted conditions rather than testing whether the standard is improved.
34,E,"The study surveys players' and coaches' beliefs about headgear, not actual concussion incidence with and without it."
35,C,"Chest wall irradiation is proposed only for a subgroup (age 40 or under, tumours over 20 mm), based on five recurrences."
36,E,Four cases are described with mechanism and imaging findings; whether such fractures are overlooked is never measured.
37,C,Samples differ on psychological symptom burden (adjusted OR 2.20) but not on physical symptom burden.
38,E,"The survey measures how often follow-up occurs and its perceived value, not whether it applies deliberate practice theory."
39,B,"In M-VEC patients HER2 was significant on univariate but not multivariate analysis, and authors say it 'might have limited' value."
40,F,"The text states plainly that the leadership-sleep relationship was not mediated by self-efficacy, a clear no."
