item,question,context,conclusion,coder_1,coder_2
1,"Are lifetime prevalence of impetigo, molluscum and herpes infection really increased in children having atopic dermatitis?","BACKGROUND: Cutaneous infections such as impetigo contagiosum (IC), molluscum contagiosum (MC) and herpes virus infection (HI) appear to be associated with atopic dermatitis (AD), but there are no reports of concrete epidemiological evidence.
OBJECTIVE: We evaluated the association of childhood AD with these infections by conducting a population-based cross-sectional study.
METHODS: Enrolled in this study were 1117 children aged 0-6 years old attending nursery schools in Ishigaki City, Okinawa Prefecture, Japan. Physical examination was performed by dermatologists, and a questionnaire was completed on each child's history of allergic diseases including AD, asthma, allergic rhinitis and egg allergy, and that of skin infections including IC, MC and HI, as well as familial history of AD.
RESULTS: In 913 children (AD; 132), a history of IC, MC or HI was observed in 45.1%, 19.7%, and 2.5%, respectively. Multiple logistic regression analysis revealed that the odds of having a history of IC were 1.8 times higher in AD children than in non-AD children. Meanwhile, a history of MC was significantly correlated to the male gender, but not to a personal history of AD. As for HI, we found no correlated factors in this study.",The lifetime prevalence of IC was indeed higher in young children with a history of AD.,,
2,Standardizing care in medical oncology: are Web-based systems the answer?,"BACKGROUND: Medical oncology is embracing information technology to standardize care and improve patient outcomes, with a range of Web-based systems used internationally. The authors' aim was to determine the factors affecting the uptake and use of a Web-based protocol system for medical oncology in the Australian setting.
METHODS: The authors conducted 50 interviews and observed medical oncology physicians, nurses, and pharmacists in their treatment setting at 6 hospitals in different geographic locations.
RESULTS: The Web-based system plays a major role in guiding oncology treatment across participating sites. However, its use varies according to hospital location, clinician roles, and experience. A range of issues impact on clinicians' attitudes toward and use of the Web-based system. Important factors are clinician-specific (eg, their need for autonomy and perceptions of lack of time) or environmental (eg, hospital policy on protocol use, endorsement of the system, and the availability of appropriate infrastructure, such as sufficient computers). The level of education received regarding the system was also found to be integral to its ongoing use.","Although the provision of high-quality evidence-based resources, electronic or otherwise, is essential for standardizing care and improving patient outcomes, the authors' findings demonstrate that this alone does not ensure uptake. It is important to understand end-users, the environment in which they operate, and the basic infrastructure required to implement such a system. Implementation must also be accompanied by continuing education and endorsement to ensure both long-term sustainability and use of the system to its full potential.",,
3,Does aerobic fitness influence microvascular function in healthy adults at risk of developing Type 2 diabetes?,"METHODS: Twenty-seven healthy normal glucose-tolerant humans with either a previous diagnosis of gestational diabetes or having two parents with Type 2 diabetes and 27 healthy adults who had no history of diabetes were recruited. Maximal oxygen uptake was assessed using an incremental exercise test to exhaustion. Skin microvascular function was assessed using laser Doppler techniques as the maximum skin hyperaemic response to a thermal stimulus (maximum hyperaemia) and the forearm skin blood flow response to the iontophoretic application of acetylcholine (ACh) and sodium nitroprusside.
RESULTS: Maximal oxygen uptake was not significantly different in the 'at-risk' group compared with healthy controls. Maximum hyperaemia was reduced in those 'at risk' (1.29 +/- 0.30 vs. 1.46 +/- 0.33 V, P = 0.047); however, the peak response to acetylcholine or sodium nitroprusside did not differ in the two groups. A significant positive correlation was demonstrated between maximal oxygen uptake and maximum hyperaemia (r = 0.52, P = 0.006 l/min and r = 0.60, P = 0.001 ml/kg/min) and peak ACh response (r = 0.40, P = 0.04 l/min and r = 0.47, P = 0.013 ml/kg/min) in the 'at-risk' group when expressed in absolute (l/min) or body mass-related (ml/kg/min) terms. No significant correlations were found in the control group.","In this 'at-risk' group with skin microvascular dysfunction maximal oxygen uptake was not reduced compared with healthy controls. However, in the 'at-risk' group alone, individuals with higher levels of aerobic fitness also had better microvascular and endothelial responsiveness.",,
4,Is it Crohn's disease?,"BACKGROUND: Sulfasalazine is a widely used anti-inflammatory agent in the treatment of inflammatory bowel disease and several rheumatological disorders. Although as many as 20% of treated patients may experience reversible, dose-dependent side effects, less frequent but potentially severe, systemic reactions have also been reported.
CASE PRESENTATION: A severe systemic reaction to sulfasalazine developed in a 21-year old female with rheumatoid arthritis characterized by eosinophilia, granulomatous enteritis and myelotoxicity, cholestatic hepatitis, and seizures. The clinical course and management of this patient are presented as well as a review of the incidence and outcome of severe systemic reactions to sulfasalazine.","Granulomatous myelotoxicity and enteritis developed in a 21 year old female within 3 weeks of initiating sulfasalazine for rheumatoid arthritis. Following a short course of corticosteroids, the patient had resolution of her cholestatic hepatitis, rash, eosinophilia, and gastrointestinal symptoms with no residual manifestations at 7 months follow-up. Although severe reactions to sulfasalazine are rare and unpredictable, practicing physicians should be aware of unusual clinical presentations of toxicity when prescribing sulfasalazine.",,
5,Does government assistance improve utilization of eye care services by low-income individuals?,"OBJECTIVE: To examine whether government-funded, low-income vision care programs improve use of eye care services by low-income individuals in Canada.
DESIGN: Cross-sectional survey.
PARTICIPANTS: 27,375 white respondents to the Canadian Community Health Survey (CCHS) Healthy Aging 2008/2009.
METHODS: Government-funded, low-income vision care programs were reviewed. The amount of assistance provided was compared with professional fee schedules for general/routine eye examinations and market prices for eyeglasses. The utilization of eye care providers was derived from the CCHS.
RESULTS: To receive low-income vision care assistance, individuals must be in receipt of social assistance. Criteria for receiving social assistance are stringent. The Canadian Financial Capability Survey revealed that 7.9% of Canadians aged 45 to 64 years and 5.5% aged ≥65 years received social assistance in 2009. The CCHS found in 2008/2009 that 12.5% of citizens aged 45 to 64 years and 13.2% of those aged ≥65 years had difficulty paying for basic expenses such as food. In 5 provinces, low-income vision care assistance fully covers a general/routine eye examination. In the remainder, the assistance provided is insufficient for a general/routine eye examination. The assistance for eyeglasses is inadequate in 5 provinces, requiring out-of-pocket copayments. Among middle-aged whites who self-reported not having glaucoma, cataracts, diabetes, or vision problems not corrected by lenses, utilization of eye care providers was 28.1% among those with financial difficulty versus 41.9% among those without (p<0.05), giving a prevalence ratio 0.68 (95% CI 0.57-0.80) adjusted for age, sex and education.","Despite government assistance, low-income individuals use vision care services less often than wealthy individuals.",,
6,Can APC mutation analysis contribute to therapeutic decisions in familial adenomatous polyposis?,"BACKGROUND AND AIMS: In familial adenomatous polyposis (FAP), correlations between site of mutation in the adenomatous polyposis coli (APC) gene and severity of colonic polyposis or extracolonic manifestations are well known. While mutation analysis is important for predictive diagnosis in persons at risk, its relevance for clinical management of individual patients is open to question.
METHODS: We examined 680 unrelated FAP families for germline mutations in the APC gene. Clinical information was obtained from 1256 patients.
RESULTS: APC mutations were detected in 48% (327/680) of families. Age at diagnosis of FAP based on bowel symptoms and age at diagnosis of colorectal cancer in untreated patients were used as indicators of the severity of the natural course of the disease. A germline mutation was detected in 230 of 404 patients who were diagnosed after onset of bowel symptoms (rectal bleeding, abdominal pain, diarrhoea). When these patients were grouped according to the different sites of mutations, mean values for age at onset of disease differed significantly: patients carrying APC mutations at codon 1309 showed a disease onset 10 years earlier (mean age 20 years) compared with patients with mutations between codons 168 and 1580 (except codon 1309) (mean age 30 years), whereas patients with mutations at the 5' end of codon 168 or the 3' end of codon 1580 were diagnosed at a mean age of 52 years. Within each group of patients however large phenotypic variation was observed, even among patients with identical germline mutations. A higher incidence of desmoids was found in patients with mutations between codons 1445 and 1580 compared with mutations at other sites, while no correlation between site of mutation and presence of duodenal adenomas was observed.","As age at manifestation and course of the disease may be rather variable, even in carriers of identical germline mutations, therapeutic decisions should be based on colonoscopic findings in individual patients rather than on the site of mutation. However, in patients with mutations within codons 1445-1580, it may be advisable to postpone elective colectomy because desmoids may arise through surgical intervention.",,
7,Are opioid dependence and methadone maintenance treatment (MMT) documented in the medical record?,"BACKGROUND: Opioid-dependent patients often have co-occurring chronic illnesses requiring medications that interact with methadone. Methadone maintenance treatment (MMT) is typically provided separately from medical care. Hence, coordination of medical care and substance use treatment is important to preserve patient safety.
OBJECTIVE: To identify potential safety risks among MMT patients engaged in medical care by evaluating the frequency that opioid dependence and MMT documentation are missing in medical records and characterizing potential medication-methadone interactions.
METHODS: Among patients from a methadone clinic who received primary care from an affiliated, but separate, medical center, we reviewed electronic medical records for documentation of methadone, opioid dependence, and potential drug-methadone interactions. The proportions of medical records without opioid dependence and methadone documentation were estimated and potential medication-methadone interactions were identified.
RESULTS: Among the study subjects (n = 84), opioid dependence documentation was missing from the medical record in 30% (95% CI, 20%-41%) and MMT documentation was missing from either the last primary care note or the last hospital discharge summary in 11% (95% CI, 5%-19%). Sixty-nine percent of the study subjects had at least 1 medication that potentially interacted with methadone; 19% had 3 or more potentially interacting medications.","Among patients receiving MMT and medical care at different sites, documentation of opioid dependence and MMT in the medical record occurs for the majority, but is missing in a substantial number of patients. Most of these patients are prescribed medications that potentially interact with methadone. This study highlights opportunities for improved coordination between medical care and MMT.",,
8,Can bisphosphonate treatment be stopped in a growing child with skeletal fragility?,"UNLABELLED: Cyclical pamidronate therapy in a 2-year-old child with skeletal fragility resulted in remodelling of vertebral fractures and improvement in bone mineral density (BMD) at distal radial and spinal sites. The BMD at both sites decreased precipitously within 24 months of stopping treatment, raising the question as to whether bisphosphonates can be stopped in a growing child with skeletal fragility.
INTRODUCTION: At age 23 months, a male toddler sustained a low trauma fracture of his right femur. Skeletal radiographs revealed generalised osteopenia with multiple vertebral body fractures. He was diagnosed with type IV osteogenesis imperfecta; however, no mutations were found in COL1A1 or COL1A2 genes.
METHODS: This case report presents bone densitometry data before, during and after bisphosphonate treatment. Axial QCT was main outcome from 2 years of age; DXA and pQCT were taken after age 5.
RESULTS: QCT confirmed that he had low spinal trabecular volumetric BMD (Z-score -2.4). After 4 years of treatment his vertebral fractures had been remodelled and all bone densitometry values (QCT, DXA and pQCT) were within normal range and therefore treatment was discontinued. Shortly after this he suffered stress fractures of his left mid tibia and at the sclerotic metaphyseal line corresponding to his first APD treatment. He had marked reduction in spinal trabecular and distal radial vBMD; change in BMAD was less marked.",The patient has been restarted on IV APD therapy. This case has led us to consider whether bisphosphonate therapy can be discontinued in a child with fragility fractures before his/her linear growth has ceased?,,
9,CPAP therapy in patients with idiopathic pulmonary fibrosis and obstructive sleep apnea: does it offer a better quality of life and sleep?,"BACKGROUND: The recent literature shows an increased incidence of obstructive sleep apnea (OSA) in patients with idiopathic pulmonary fibrosis (IPF). On the other hand, there are no published studies related to continuous positive airway pressure (CPAP) treatment in this patient group. Our aim was to assess the effect of CPAP on sleep and overall life quality parameters in IPF patients with OSA and to recognize and overcome possible difficulties in CPAP initiation and acceptance by these patients.
METHODS: Twelve patients (ten males and two females, age 67.1 ± 7.2 years) with newly diagnosed IPF and moderate to severe OSA, confirmed by overnight attended polysomnography, were included. Therapy with CPAP was initiated after a formal in-lab CPAP titration study. The patients completed the Epworth Sleepiness Scale (ESS), the Pittsburgh Sleep Quality Index (PSQI), the Functional Outcomes in Sleep Questionnaire (FOSQ), the Fatigue Severity Scale (FSS), the SF-36 quality of life questionnaire, and the Beck Depression Inventory (BDI) at CPAP initiation and after 1, 3, and 6 months of effective CPAP therapy.
RESULTS: A statistically significant improvement was observed in the FOSQ at 1, 3, and 6 months after CPAP initiation (baseline 12.9 ± 2.9 vs. 14.7 ± 2.6 vs. 15.8 ± 2.1 vs. 16.9 ± 1.9, respectively, p = 0.02). Improvement, although not statistically significant, was noted in ESS score (9.2 ± 5.6 vs. 7.6 ± 4.9 vs. 7.5 ± 5.3 vs. 7.7 ± 5.2, p = 0.84), PSQI (10.7 ± 4.4 vs. 10.1 ± 4.3 vs. 9.4 ± 4.7 vs. 8.6 ± 5.2, p = 0.66), FSS (39.5 ± 10.2 vs. 34.8 ± 8.5 vs. 33.6 ± 10.7 vs. 33.4 ± 10.9, p = 0.44), SF-36 (63.2 ± 13.9 vs. 68.9 ± 13.5 vs. 72.1 ± 12.9 vs. 74.4 ± 11.3, p = 0.27), and BDI (12.9 ± 5.5 vs. 10.7 ± 4.3 vs. 9.4 ± 4.8 vs. 9.6 ± 4.5, p = 0.40). Two patients had difficulty complying with CPAP for a variety of reasons (nocturnal cough, claustrophobia, insomnia) and stopped CPAP use after the first month, despite intense follow-up by the CPAP clinic staff. Heated humidification was added for all patients in order to improve the common complaint of disabling nocturnal cough.","Effective CPAP treatment in IPF patients with OSA results in a significant improvement in daily living activities based on the FOSQ, namely an OSA-specific follow-up instrument. Improvement was also noted in other questionnaires assessing quality of life, though not to a statistically significant degree, probably because of the multifactorial influences of IPF on physical and mental health. The probability of poor CPAP compliance was high and could only be eliminated with intense follow-up by the CPAP clinic staff.",,
10,Is vitamin D insufficiency or deficiency related to the development of osteochondritis dissecans?,"PURPOSE: The aetiology of osteochondritis dissecans is still unclear. The aim of this prospective pilot study was to analyse whether vitamin D insufficiency, or deficiency, might be a contributing etiological factor in the development of an OCD lesion.
METHODS: The serum level of vitamin D3 in 23 consecutive patients (12 male and 11 female) suffering from a stage III, or stages III and IV, OCD lesion (mostly stage III) admitted for surgery was measured.
RESULTS: The patients' mean age was 31.3 years and most of them already exhibited closed epiphyseal plates. In the majority of patients (18/23), a distinct vitamin D3 deficiency was found, two patients were vitamin D3-insufficient and, in three patients, the vitamin D3 level reached the lowest normal value.","These first data show that a vitamin D3 deficiency rather than an insufficiency may be involved in the development of OCD lesions. Probably, with a vitamin D3 substitution, the development of an advanced OCD stage could be avoided. Further analyses, including morphological analyses regarding a possible osteomalacia, and examination of the PTH and other determinants of the bone metabolism, should be undertaken to either confirm or refute these data.",,
11,Should direct mesocolon invasion be included in T4 for the staging of gastric cancer?,"BACKGROUND AND OBJECTIVES: One of the sites most frequently invaded by gastric cancer is the mesocolon; however, the UICC does not mention this anatomical site as an adjacent structure involved in gastric cancer. The purpose of this study was to characterize and classify mesocolon invasion from gastric cancer.
METHODS: We examined 806 patients who underwent surgery for advanced gastric carcinoma from 1992 to 2007 at the Department of Surgery, Gangnam Severance Hospital, Korea. Among these, patients who showed macroscopically direct invasion into the mesocolon were compared to other patients with advanced gastric cancer.
RESULTS: The curability, number and extent of nodal metastasis, and the survival of the mesocolon invasion group were significantly worse than these factors in the T3 group. However, the survival of the mesocolon invasion group after curative resection was much better than that of patients who had incurable factors.",Mesocolon invasion should be included in T4 for the staging of gastric cancer.,,
12,Women with synchronous primary cancers of the endometrium and ovary: do they have Lynch syndrome?,"PURPOSE: Lynch syndrome (hereditary nonpolyposis colorectal cancer; HNPCC) is an autosomal-dominant cancer predisposition syndrome that increases risk for multiple cancers, including colon, endometrial, and ovarian cancer. Revised Bethesda Criteria recommend that patients with two HNPCC-associated cancers undergo molecular evaluation to determine whether they have a mismatch repair (MMR) defect associated with HNPCC. The purpose of our study was to determine the likelihood of MMR defects (MSH2, MSH6, MLH1) in women with synchronous endometrial and ovarian cancer.
PATIENTS AND METHODS: Between 1989 and 2004, 102 women with synchronous endometrial and ovarian cancers were identified; 59 patients had tumor blocks available for analysis. Patients were divided into risk groups based on family history: high (met Amsterdam criteria), medium (personal history or first-degree relative with an HNPCC-associated cancer), and low (all others). Protein expression for MSH2, MSH6, and MLH1 was evaluated by immunohistochemistry. Microsatellite instability and MLH1 promoter methylation analyses were performed on a subset of cases.
RESULTS: Median age was 50 years. Two patients met Amsterdam criteria for HNPCC. Five additional patients, all medium-risk, had molecular findings consistent with a germline mutation of either MSH2 or MLH1. None of the low-risk patients had molecular results consistent with a germline mutation.","Overall, 7% of women in our cohort met either clinical or molecular criteria for Lynch syndrome. All of these women had a prior history or a first-degree relative with an HNPCC-associated cancer. Limiting genetic evaluation to women with synchronous endometrial and ovarian cancer who have a family history suggestive of HNPCC may appropriately identify women with Lynch syndrome.",,
13,"""Would a man smell a rose then throw it away?","BACKGROUND: Breast cancer is the most common malignancy afflicting women, and the most common cancer overall in Jordan. A woman's decision to go for screening is influenced by her social support network. This study aims to explore Jordanian men's individual and contextual perspectives on women's breast cancer and their own role in the breast health of the females within their families.
METHODS: An explorative qualitative design was used to purposively recruit 24 married men aged 27 to 65 years (median 43 years) from four governorates in Jordan. Data in the form of interviews transcriptions was subjected to qualitative content analysis.
RESULTS: Three themes were identified: a) Supporting one's wife; b) Marital needs and obligations; c) Constrained by a culture of destiny and shame. The first theme was built on men's feelings of responsibility for the family's health and well-being, their experiences of encouraging their wives to seek health care and their providing counselling and instrumental support. The second theme emerged from men's views about other men's rejection of a wife inflicted by breast cancer, their own perceptions of diminished femininity due to mastectomy and their own concerns about protecting the family from the hereditary risk of breast cancer. The third theme was seen in men's perception of breast cancer as an inevitable act of God that is far away from one's own family, in associating breast cancer with improper behaviour and in their readiness to face the culture of Eib (shame).","Jordanian men perceive themselves as having a vital role in supporting, guiding and encouraging their wives to follow breast cancer early detection recommendations. Breast health awareness campaigns could involve husbands to capitalize on family support.",,
14,Should HIV-infected patients be screened for silent myocardial ischaemia using gated myocardial perfusion SPECT?,"PURPOSE: A higher prevalence of cardiovascular risk factors (CRFs) in HIV-infected patients, together with chronic infection and treatments, has resulted in an increased risk of silent myocardial ischaemia (SMI). The objective of this study was to evaluate whether myocardial SPECT should be used for screening HIV-infected patients with no clinical symptoms of coronary artery disease.
METHODS: The prevalence of SMI detected by myocardial SPECT was determined in 94 HIV-infected patients with a normal clinical cardiovascular examination in relation to anthropomorphic parameters, CRFs, inflammatory and HIV infection status, and treatment.
RESULTS: Coronary artery disease was detected in nine patients (eight with ischaemia, one with myocardial infarction), corresponding to 9.6 % positivity. All but two of the scintigraphic diagnoses of ischaemia were confirmed by coronarography. Univariate analysis revealed that the overall number of CRFs and the combination of gender and age were associated with a diagnosis of SMI (p<0.05). According to multivariate analysis, the only independent parameter significantly associated with the scintigraphic diagnosis of SMI was the combination of gender and age (p = 0.01). All the positive myocardial SPECT scans were in men older than 52 years with at least two other CRFs. In this subpopulation of 47 patients, the prevalence of SMI detected by myocardial SPECT reached 19.2 %.","In male HIV-infected patients older than 52 years and with at least two other CRFs, screening for SMI using myocardial SPECT was about four times more likely to be positive than in the general population. This may motivate physicians to advise these patients to undergo more systematic screening for SMI using this technique.",,
15,"Are normally sighted, visually impaired, and blind pedestrians accurate and reliable at making street crossing decisions?","PURPOSE: The purpose of this study is to measure the accuracy and reliability of normally sighted, visually impaired, and blind pedestrians at making street crossing decisions using visual and/or auditory information.
METHODS: Using a 5-point rating scale, safety ratings for vehicular gaps of different durations were measured along a two-lane street of one-way traffic without a traffic signal. Safety ratings were collected from 12 normally sighted, 10 visually impaired, and 10 blind subjects for eight different gap times under three sensory conditions: (1) visual plus auditory information, (2) visual information only, and (3) auditory information only. Accuracy and reliability in street crossing decision-making were calculated for each subject under each sensory condition.
RESULTS: We found that normally sighted and visually impaired pedestrians were accurate and reliable in their street crossing decision-making ability when using either vision plus hearing or vision only (P>0.05). Under the hearing only condition, all subjects were reliable (P>0.05) but inaccurate with their street crossing decisions (P<0.05). Compared to either the normally sighted (P = 0.018) or visually impaired subjects (P = 0.019), blind subjects were the least accurate with their street crossing decisions under the hearing only condition.","Our data suggested that visually impaired pedestrians can make accurate and reliable street crossing decisions like those of normally sighted pedestrians. When using auditory information only, all subjects significantly overestimated the vehicular gap time. Our finding that blind pedestrians performed significantly worse than either the normally sighted or visually impaired subjects under the hearing only condition suggested that they may benefit from training to improve their detection ability and/or interpretation of vehicular gap times.",,
16,Rectal cancer threatening or affecting the prostatic plane: is partial prostatectomy oncologically adequate?,"METHOD: A multicentre, retrospective study was conducted of patients with rectal cancer threatening or affecting the prostatic plane, but not the bladder, judged by magnetic resonance imaging (MRI). The use of preoperative chemoradiotherapy and the type of urologic resection were correlated with the status of the pathological circumferential resection margin (CRM) and local recurrence.
RESULTS: A consecutive series of 126 men with rectal cancer threatening (44) or affecting (82) the prostatic plane on preoperative staging and operated with local curative intent between 1998 and 2010 was analysed. In patients who did not have chemoradiotherapy but had a preoperative threatened anterior margin the CRM-positive rate was 25.0%. In patients who did not have preoperative chemoradiotherapy but did have an affected margin, the CRM-positive rate was 41.7%. When preoperative radiotherapy was given, the respective CRM infiltration rates were 7.1 and 20.7%. In patients having preoperative chemoradiotherapy followed by prostatic resection the rate of CRM positivity was 2.4%. Partial prostatectomy after preoperative chemoradiotherapy resulted in a free anterior CRM in all cases, but intra-operative urethral damage occurred in 36.4% of patients who underwent partial prostatectomy, resulting in a postoperative urinary fistula in 18.2% of patients.","Preoperative chemoradiation is mandatory in male patients with a threatened or affected anterior circumferential margin on preoperative MRI. In patients with preoperative prostatic infiltration, prostatic resection is necessary. In this group of patients partial prostatectomy seems to be oncologically safe.",,
17,Can patients be anticoagulated after intracerebral hemorrhage?,"BACKGROUND AND PURPOSE: Warfarin increases both the likelihood and the mortality of intracerebral hemorrhage (ICH), particularly in patients with a history of prior ICH. In light of this consideration, should a patient with both a history of ICH and a clear indication for anticoagulation such as nonvalvular atrial fibrillation be anticoagulated? In the absence of data from a clinical trial, we used a decision-analysis model to compare the expected values of 2 treatment strategies-warfarin and no anticoagulation-for such patients.
METHODS: We used a Markov state transition decision model stratified by location of hemorrhage (lobar or deep hemispheric). Effectiveness was measured in quality-adjusted life years (QALYs). Data sources included English language literature identified through MEDLINE searches and bibliographies from selected articles, along with empirical data from our own institution. The base case focused on a 69-year-old man with a history of ICH and newly diagnosed nonvalvular atrial fibrillation.
RESULTS: For patients with prior lobar ICH, withholding anticoagulation therapy was strongly preferred, improving quality-adjusted life expectancy by 1.9 QALYs. For patients with prior deep hemispheric ICH, withholding anticoagulation resulted in a smaller gain of 0.3 QALYs. In sensitivity analyses for patients with deep ICH, anticoagulation could be preferred if the risk of thromboembolic stroke is particularly high.","Survivors of lobar ICH with atrial fibrillation should not be offered long-term anticoagulation. Similarly, most patients with deep hemispheric ICH and atrial fibrillation should not receive anticoagulant therapy. However, patients with deep hemispheric ICH at particularly high risk for thromboembolic stroke or low risk of ICH recurrence might benefit from long-term anticoagulation.",,
18,Is determination between complete and incomplete traumatic spinal cord injury clinically relevant?,"STUDY DESIGN: Prospective multicenter longitudinal cohort study.
OBJECTIVE: To validate the prognostic value of the acute phase sacral sparing measurements with regard to chronic phase-independent ambulation in patients with traumatic spinal cord injury (SCI).
SETTING: European Multicenter Study of Human Spinal Cord Injury (EM-SCI).
METHODS: In 432 patients, acute phase (0-15 days) American Spinal Injury Association (ASIA)/International Spinal Cord Society neurological standard scale (AIS) grades, ASIA sacral sparing measurements, which are S4-5 light touch (LT), S4-5 pin prick (PP), anal sensation and voluntary anal contraction; and chronic phase (6 or 12 months) indoor mobility Spinal Cord Independence Measure (SCIM) measurements were analyzed. Calculations of positive and negative predictive values (PPV/NPV) as well as univariate and multivariate logistic regressions were performed in all four sacral sparing criteria. The area under the receiver-operating characteristic curve (AUC) ratios of all regression equations was calculated.
RESULTS: To achieve independent ambulation 1-year post injury, a normal S4-5 PP score showed the best PPV (96.5%, P<0.001, 95% confidence interval (95% CI): 87.9-99.6). Best NPV was reported in the S4-5 LT score (91.7%, P<0.001, 95% CI: 81.6-97.2). The use of the combination of only voluntary anal contraction and the S4-5 LT and PP sensory scores (AUC: 0.906, P<0.001, 95% CI: 0.871-0.941) showed significantly better (P<0.001, 95% CI: 0.038-0.128) discriminating results in prognosticating 1-year independent ambulation than with the use of currently used distinction between complete and incomplete SCI (AUC: 0.823, P<0.001, 95% CI: 0.781-0.864).","Out of the four sacral sparing criteria, the acute phase anal sensory score measurements do not contribute significantly to the prognosis of independent ambulation. The combination of the acute phase voluntary anal contraction and the S4-5 LT and PP scores, predicts significantly better chronic phase-independent ambulation outcomes than the currently used distinction between complete and incomplete SCI.",,
19,Continuation of pregnancy after antenatal corticosteroid administration: opportunity for rescue?,"OBJECTIVE: To determine the duration of continuing pregnancy after antenatal corticosteroid (AC) administration and to evaluate the potential opportunity for rescue AC.
STUDY DESIGN: Retrospective analysis of women at 24-32 weeks' gestation who received AC at one institution.
RESULTS: Six hundred ninety-two women received AC. Two hundred forty-seven (35.7%) delivered at>or = 34 weeks' gestation. Three hundred twenty-one (46.4%) delivered within 1 week of AC; 92 of those women (13.3%) delivered within 24 hours. Only 124 (17.9%) remained pregnant 1 week after AC and delivered at<34 weeks. The latter were compared to women delivering>2 week after AC but>or = 34 weeks. More likely to deliver at<34 weeks were those women who received AC for premature preterm rupture of membranes (OR 3.83, 95% CI 2.06-7.17), twins (OR 2.90, 95% CI 1.42-5.95) or before 28 weeks (OR 2.21, 95% CI 1.38-3.52).","Rescue AC may apply to only 18% of cases, and we identified subsets of more likely candidates.",,
20,Is tumour expression of VEGF associated with venous invasion and survival in pT3 renal cell carcinoma?,"STUDY OBJECTIVE: To determine whether there is a relationship between VEGF expression and renal vein and vena cava invasion in stage pT3 renal cell carcinoma and to evaluate the impact of VEGF expression on survival in pT3 renal cell carcinoma.
MATERIAL AND METHODS: 78 patients with a pT3a or pT3b tumour without vena cava invasion or pT3b tumour with vena cava invasion were compared for age, gender, Fuhrman grade and immunohistochemical expression of VEGF. All these variables were submitted to univariate and multivariate analysis to establish their impact on survival.
RESULTS: Only tumour size appeared to be significantly different between the 3 groups. On univariate analysis, invasion of the perirenal fat, lymph node involvement, distant metastases and VEGF expression were significantly associated with survival (p<0.01). On multivariate analysis, lymph node involvement, distant metastases and VEGF expression (OR 6.07) were identified as independent predictive factors of survival.","Progression of a pT3 tumour into the renal vein and vena cava is not associated with increased tumour expression of VEGF. However, VEGF is an independent prognostic factor in this group of poor prognosis renal tumours.",,
21,Cutaneous melanoma in a multiethnic population: is this a different disease?,"HYPOTHESIS: Cutaneous melanoma in nonwhite persons has a manifestation and a prognosis that are different than those of cutaneous melanoma in white persons.
DESIGN: Case series.
SETTING: Tertiary care university-affiliated community medical center located in a multiethnic state in which white persons are a minority of the population.
PATIENTS: Consecutive series of 357 patients with melanoma seen between January 1994 and August 2003.
MAIN OUTCOME MEASURES: Ethnicity, age, sex, primary site, tumor thickness, nodal status, stage at diagnosis, and survival.
RESULTS: There were 208 men and 149 women who ranged in age from 15 to 93 years (mean, 58 years). Twenty-two patients initially had unknown primary sites. Of these 357 patients, 67 (18.7%) were nonwhite. There was no statistically significant difference in the age (P =.10) or sex (P =.57) distribution of these 2 populations. Nonwhite patients at initial diagnosis had thicker tumors (P =.002), more frequently had ulcerated primary tumors (P<.001), more frequently had positive nodes (P =.004), and were at a more advanced stage (P =.002) than their white counterparts. The anatomic distribution between the 2 populations was significantly different (P<.001), with a high incidence of melanoma on the sole and subungual locations and a substantially less frequent occurrence on the head and neck, trunk, and extremities in the nonwhite population when compared with the white population. The overall survival rate of the nonwhite patients was significantly worse than that of the white patients, but when stratified by stage at initial diagnosis, there was no difference in outcome.","In a multiethnic population, cutaneous melanoma in nonwhite persons is unusual but not rare. Although the diagnoses are distinctly different at initial examinations, suggesting a potential biological component, stage-for-stage outcomes are similar between white and nonwhite persons and suggest a need for early diagnostic interventions with unusual pigmented lesions in nonwhite persons.",,
22,Is prophylactic fixation a cost-effective method to prevent a future contralateral fragility hip fracture?,"OBJECTIVE: : A previous hip fracture more than doubles the risk of a contralateral hip fracture. Pharmacologic and environmental interventions to prevent hip fracture have documented poor compliance. The purpose of this study was to examine the cost-effectiveness of prophylactic fixation of the uninjured hip to prevent contralateral hip fracture.
METHODS: : A Markov state-transition model was used to evaluate the cost and quality-adjusted life-years (QALYs) for unilateral fixation of hip fracture alone (including internal fixation or arthroplasty) compared with unilateral fixation and contralateral prophylactic hip fixation performed at the time of hip fracture or unilateral fixation and bilateral hip pad protection. Prophylactic fixation involved placement of a cephalomedullary nail in the uninjured hip and was initially assumed to have a relative risk of a contralateral fracture of 1%. Health states included good health, surgery-related complications requiring a second operation (infection, osteonecrosis, nonunion, and malunion), fracture of the uninjured hip, and death. The primary outcome measure was the incremental cost-effectiveness ratio estimated as cost per QALY gained in 2006 US dollars with incremental cost-effectiveness ratios below $50,000 per QALY gained considered cost-effective. Sensitivity analyses evaluated the impact of patient age, annual mortality and complication rates, intervention effectiveness, utilities, and costs on the value of prophylactic fixation.
RESULTS: : In the baseline analysis, in a 79-year-old woman, prophylactic fixation was not found to be cost-effective (incremental cost-effectiveness ratio = $142,795/QALY). However, prophylactic fixation was found to be a cost-effective method to prevent contralateral hip fracture in: 1) women 71 to 75 years old who had 30% greater relative risk for a contralateral fracture; and 2) women younger than age 70 years. Cost-effectiveness was greater when the additional costs of prophylaxis were less than $6000. However, for most analyses, the success of prophylactic fixation was highly sensitive to the effectiveness and the relative morbidity and mortality of the additional procedure.",": Prophylactic fixation with a cephalomedullary nail was not found to be cost-effective for the average older woman who sustained a hip fracture. However, it may be appropriate for select patient populations. The study supports the need for basic science and clinical trials investigating the effectiveness of prophylactic fixation for patient populations at higher lifetime risk for contralateral hip fracture.",,
23,Does vaginal intraepithelial neoplasia have the same evolution as cervical intraepithelial neoplasia?,"BACKGROUND: Vaginal intraepithelial neoplasia is a little known disease which could be related to risk factors different from simple HPV infections.
OBJECTIVE: To ascertain wheter vaginal lesions have a natural history similar to cervical lesions.MATERIALS &
METHODS: A retrospective study to identify patients with vaginal lesions and synchronous cervical lesions through biopsy. The rate of mild cervical lesions (koilocytosis, warts, CIN I with and without koilocytosis) was compared with the rate of severe cervical lesions (CIN II and III, cervical carcinoma) in patients with mild vaginal lesions (warts and koilocytosis, and low-grade VAIN) and in patients with severe vaginal lesions (high-grade VAIN). Using koilocytosis as a marker, the rate of ""active"" cervical lesions was compared with the rate of ""non active"" cervical lesions in patients with ""active"" versus ""non active"" vaginal lesions. Finally, the rates of mild and severe cervical lesions were compared among each group of VAIN (low-grade, high-grade, with or without koilocytosis).
RESULTS: In patients with mild vaginal lesions, mild cervical lesions were significantly more frequent than severe cervical lesions. In patients with ""active"" vaginal lesions the rate of ""active"" cervical lesions was significantly higher than ""non active"" cervical lesions. The differences in rates of mild cervical lesions and severe cervical lesions among patients with high-grade VAIN and low-grade VAIN (with and without koilocytosis) were not significant.","These data suggest that CIN and VAIN may have some common features in certain cases, i.e., if an HPV infection is proved.",,
24,Does perspective-taking increase patient satisfaction in medical encounters?,"PURPOSE: To assess whether perspective-taking, which researchers in other fields have shown to induce empathy, improves patient satisfaction in encounters between student-clinicians and standardized patients (SPs).
METHOD: In three studies, randomly assigned students (N = 608) received either a perspective-taking instruction or a neutral instruction prior to a clinical skills examination in 2006-2007. SP satisfaction was the main outcome in all three studies. Study 1 involved 245 third-year medical students from two universities. Studies 2 and 3 extended Study 1 to examine generalizability across student and SP subpopulations. Study 2 (105 physician assistant students, one university) explored the effect of perspective-taking on African American SPs' satisfaction. Study 3 (258 third-year medical students, two universities) examined the intervention's effect on students with high and low baseline perspective-taking tendencies.
RESULTS: Intervention students outscored controls in patient satisfaction in all studies: Study 1: P = .01, standardized effect size = 0.16; Study 2: P = .001, standardized effect size = 0.31; Study 3: P = .009, standardized effect size = 0.13. In Study 2, perspective-taking improved African American SPs' satisfaction. In Study 3, intervention students with high baseline perspective-taking tendencies outscored controls (P = .0004, standardized effect size = 0.25), whereas those with low perspective-taking tendencies did not (P = .72, standardized effect size = 0.00).","Perspective-taking increased patient satisfaction in all three studies, across medical schools, clinical disciplines, and racially diverse students and SPs. Perspective-taking as a means for improving patient satisfaction deserves further exploration in clinical training and practice.",,
25,Are bipolar disorders underdiagnosed in patients with depressive episodes?,"BACKGROUND: Recent reports indicate that the prevalence of bipolar disorder (BD) in patients with an acute major depressive episode might be higher than previously thought. We aimed to study systematically all patients who sought therapy for major depressive episode (MDE) within the BRIDGE study in Germany, reporting on an increased number (increased from 2 in the international BRIDGE report to 5) of different diagnostic algorithms.
METHODS: A total of 252 patients with acute MDE (DSM-IV confirmed) were examined for the existence of BD (a) according to DSM-IV criteria, (b) according to modified DSM-IV criteria (without the exclusion criterion of 'mania not induced by substances/antidepressants'), (c) according to a Bipolarity Specifier Algorithm which expands the DSM-IV criteria, (d) according to HCL-32R (Hypomania-Checklist-32R), and (e) according to a criteria-free physician's diagnosis.
RESULTS: The five different diagnostic approaches yielded immensely variable prevalences for BD: (a) 11.6; (b) 24.8%; (c) 40.6%; (d) 58.7; e) 18.4% with only partial overlap between diagnoses according to the physician's diagnosis or HCL-32R with diagnoses according to the three DSM-based algorithms.",The diagnosis of BD in patients with MDE depends strongly on the method and criteria employed. The considerable difference between criteria-free physician's diagnosis and the remaining algorithms indicate the usefulness of criteria lists within the everyday clinical setting.,,
26,Is a specialised training of phonological awareness indicated in every preschool child?,"OBJECTIVE AND METHODS: In a prospective study 218 preschool children were enrolled (stratified in 2 training programs, one specialized for phonologic awareness in order to prevent dyslexia, the other consisting in training of general perception) during the last year of kindergarten. After finishing the first grade 131 children were compared in their reading and writing abilities.
RESULTS: In the whole group only a slight difference was found between both training modalities concerning their writing abilities. However, children with a history of hearing loss, actual hearing loss or pathologic middle ear findings profited most from the specialized training program compared to the control in their reading abilities.","A specialized training program to improve phonologic awareness as a basis for reading and writing in every kindergarten and preschool child seems to be unnecessary. However, children with temporary hearing deficits benefit from such a program. For all other children general perception training may be sufficient.",,
27,"Young-Burgess classification of pelvic ring fractures: does it predict mortality, transfusion requirements, and non-orthopaedic injuries?","OBJECTIVES: The objectives of this study were to evaluate the ability of the Young-Burgess classification system to predict mortality, transfusion requirements, and nonorthopaedic injuries in patients with pelvic ring fractures and to determine whether mortality rates after pelvic fractures have changed over time.
DESIGN: Retrospective review.
SETTING: Level I trauma center.
PATIENTS: One thousand two hundred forty-eight patients with pelvic fractures during a 7-year period.
INTERVENTION: None.
MAIN OUTCOME MEASUREMENTS: Mortality at index admission, transfusion requirement during first 24 hours, and presence of nonorthopaedic injuries as a function of Young-Burgess pelvic classification type. Mortality compared with historic controls.
RESULTS: Despite a relatively large sample size, the ability of the Young-Burgess system to predict mortality only approached statistical significance (P = 0.07, Kruskal-Wallis). The Young-Burgess system differentiated transfusion requirements--lateral compression Type 3 (LC3) and anteroposterior compression Types 2 (APC2) and 3 (APC3) fractures had higher transfusion requirements than did lateral compression Type 1 (LC1), anteroposterior compression Type 1 (APC1), and vertical shear (VS) (P<0.05)--but was not as useful at predicting head, chest, or abdomen injuries. Dividing fractures into stable and unstable types allowed the system to predict mortality rates, abdomen injury rates, and transfusion requirements. Overall mortality in the study group was 9.1%, unchanged from original Young-Burgess studies 15 years previously (P = 0.3).","The Young-Burgess system is useful for predicting transfusion requirements. For the system to predict mortality or nonorthopaedic injuries, fractures must be divided into stable (APC1, LC1) and unstable (APC2, APC3, LC2, LC3, VS, combined mechanism of injury) types. LC1 injuries are very common and not always benign (overall mortality rate, 8.2%).",,
28,Do somatic complaints predict subsequent symptoms of depression?,"BACKGROUND: Evidence suggests substantial comorbidity between symptoms of somatization and depression in clinical as well as nonclinical populations. However, as most existing research has been retrospective or cross-sectional in design, very little is known about the specific nature of this relationship. In particular, it is unclear whether somatic complaints may heighten the risk for the subsequent development of depressive symptoms.
METHODS: We report findings on the link between symptoms of somatization (assessed using the SCL-90-R) and depression 5 years later (assessed using the CES-D) in an initially healthy cohort of community adults, based on prospective data from the RENO Diet-Heart Study.
RESULTS: Gender-stratified multiple regression analyses revealed that baseline CES-D scores were the best predictors of subsequent depressive symptoms for men and women. Baseline scores on the SCL-90-R somatization subscale significantly predicted subsequent self-reported symptoms of depressed mood 5 years later, but only in women. However, somatic complaints were a somewhat less powerful predictor than income and age.","Our findings suggest that somatic complaints may represent one, but not necessarily the most important, risk factor for the subsequent development of depressive symptoms in women in nonclinical populations. The results also highlight the importance of including social variables in studies on women's depression as well as conducting additional research to further examine predictors of depressive symptoms in men.",,
29,Are neighbourhood social capital and availability of sports facilities related to sports participation among Dutch adolescents?,"BACKGROUND: The aim of this study is to explore whether availability of sports facilities, parks, and neighbourhood social capital (NSC) and their interaction are associated with leisure time sports participation among Dutch adolescents.
METHODS: Cross-sectional analyses were conducted on complete data from the last wave of the YouRAction evaluation trial. Adolescents (n = 852) completed a questionnaire asking for sports participation, perceived NSC and demographics. Ecometric methods were used to aggregate perceived NSC to zip code level. Availability of sports facilities and parks was assessed by means of geographic information systems within the zip-code area and within a 1600 meter buffer. Multilevel logistic regression analyses, with neighborhood and individual as levels, were conducted to examine associations between physical and social environmental factors and leisure time sports participation. Simple slopes analysis was conducted to decompose interaction effects.
RESULTS: NSC was significantly associated with sports participation (OR: 3.51 (95%CI: 1.18;10.41)) after adjustment for potential confounders. Availability of sports facilities and availability of parks were not associated with sports participation. A significant interaction between NSC and density of parks within the neighbourhood area (OR: 1.22 (90%CI: 1.01;1.34)) was found. Decomposition of the interaction term showed that adolescents were most likely to engage in leisure time sports when both availability of parks and NSC were highest.","The results of this study indicate that leisure time sports participation is associated with levels of NSC, but not with availability of parks or sports facilities. In addition, NSC and availability of parks in the zip code area interacted in such a way that leisure time sports participation is most likely among adolescents living in zip code areas with higher levels of NSC, and higher availability of parks. Hence, availability of parks appears only to be important for leisure time sports participation when NSC is high.",,
30,Midwives' competence: is it affected by working in a rural location?,"INTRODUCTION: Rising health care costs and the need to consolidate expertise in tertiary services have led to the centralisation of services. In the UK, the result has been that many rural maternity units have become midwife-led. A key consideration is that midwives have the skills to competently and confidently provide maternity services in rural areas, which may be geographically isolated and where the midwife may only see a small number of pregnant women each year. Our objective was to compare the views of midwives in rural and urban settings, regarding their competence and confidence with respect to 'competencies' identified as being those which all professionals should have in order to provide effective and safe care for low-risk women.
METHOD: This was a comparative questionnaire survey involving a stratified sample of remote and rural maternity units and an ad hoc comparison group of three urban maternity units in Scotland. Questionnaires were sent to 82 midwives working in remote and rural areas and 107 midwives working in urban hospitals with midwife-led units.
RESULTS: The response rate from midwives in rural settings was considerably higher (85%) than from midwives in the urban areas (60%). Although the proportion of midwives who reported that they were competent was broadly similar in the two groups, there were some significant differences regarding specific competencies. Midwives in the rural group were more likely to report competence for breech delivery (p = 0.001), while more urban midwives reported competence in skills such as intravenous fluid replacement (p<0.001) and initial and discharge examination of the newborn (p<0.001). Both groups reported facing barriers to continuing professional development; however, more of the rural group had attended an educational event within the last month (p<0.001). Lack of time was a greater barrier for urban midwives (p = 0.02), whereas distance to training was greater for rural midwives (p = 0.009). Lack of motivation or interest was significantly higher in urban units (p = 0.006).","It is often assumed that midwives in rural areas where there are fewer deliveries, will be less competent and confident in their practice. Our exploratory study suggests that the issue of competence is far more complex and deserves further attention.",,
31,Is oncoplastic surgery a contraindication for accelerated partial breast radiation using the interstitial multicatheter brachytherapy method?,"PURPOSE: To evaluate accelerated partial breast irradiation (APBI) in patients after oncoplastic surgery for early breast cancer.
METHODS AND MATERIALS: A retrospective analysis of 136 breasts of 134 patients, who received breast-conserving oncoplastic surgery for low-risk breast cancer between 2002 and 2010 in the Universities of Vienna and Luebeck followed by adjuvant APBI applying total doses of pulse dose rate of 50.4 Gy or high-dose rate (HDR) of 32 Gy over 4 days. Target volume definition was performed by the use of surgical-free margin data, related to intraoperatively fixed clip positions, pre- and postoperative imaging, and palpation.
RESULTS: At the time of data acquisition, 131 of 134 patients were alive. The median follow-up time was 39 months (range, 4-106 months). After high-dose rate treatment, 3 of 89 patients showed systemic progress after a mean follow-up of 47 months (range, 19-75 months) and 2 patients had a different quadrant in-breast tumor after 27 and 35 months. One patient died 7 months after treatment of unknown causes. After pulse dose rate treatment, 1 of 45 patients had a local recurrence after 42 months and 1 patient died because of another cause after 13 months. We observed mild fibrosis in 27 breasts, telangiectasia in 6, hyperpigmentation in 14 cases, and keloid formation in 1.","These preliminary results suggest the feasibility of multicatheter APBI after oncoplastic breast-conserving surgery in selected low-risk breast cancer patients; however, special attention to target volume definition is needed. Further prospective investigations with long follow-up are needed to define the real value of the procedure.",,
32,Combining process indicators to evaluate quality of care for surgical patients with colorectal cancer: are scores consistent with short-term outcome?,"OBJECTIVE: To determine if composite measures based on process indicators are consistent with short-term outcome indicators in surgical colorectal cancer care.
DESIGN: Longitudinal analysis of consistency between composite measures based on process indicators and outcome indicators for 85 Dutch hospitals.
SETTING: The Dutch Surgical Colorectal Audit database, the Netherlands.
PARTICIPANTS: 4732 elective patients with colon carcinoma and 2239 with rectum carcinoma treated in 85 hospitals were included in the analyses.
MAIN OUTCOME MEASURES: All available process indicators were aggregated into five different composite measures. The association of the different composite measures with risk-adjusted postoperative mortality and morbidity was analysed at the patient and hospital level.
RESULTS: At the patient level, only one of the composite measures was negatively associated with morbidity for rectum carcinoma. At the hospital level, a strong negative association was found between composite measures and hospital mortality and morbidity rates for rectum carcinoma (p<0.05), and hospital morbidity rates for colon carcinoma.","For individual patients, a high score on the composite measures based on process indicators is not associated with better short-term outcome. However, at the hospital level, a good score on the composite measures based on process indicators was consistent with more favourable risk-adjusted short-term outcome rates.",,
33,Bactericidal activity of 3 cutaneous/mucosal antiseptic solutions in the presence of interfering substances: Improvement of the NF EN 13727 European Standard?,"OBJECTIVE: There is no standard protocol for the evaluation of antiseptics used for skin and mucous membranes in the presence of interfering substances. Our objective was to suggest trial conditions adapted from the NF EN 13727 standard, for the evaluation of antiseptics used in gynecology and dermatology.
METHODS: Three antiseptic solutions were tested in vitro: a chlorhexidine-benzalkonium (CB) combination, a hexamidine-chlorhexidine-chlorocresol (HCC) combination, and povidone iodine (P). The adaptation of trial conditions to the standard involved choosing dilutions, solvent, and interfering substances. The activity of solutions was assessed on the recommended strains at concentrations of 97% (pure solution), 50%, and 10% (diluted solution), and 1%. A logarithmic reduction ≥ 5 was expected after 60seconds of contact, to meet requirements of bactericidal activity.
RESULTS: HCC did not present any bactericidal activity except on P. aeruginosa at a concentration of 97%. P was not bactericidal on E. hirae at any concentration and on S. aureus at 97%. CB had the most homogeneous bactericidal activity with a reduction>5 log on the 4 bacterial strains at concentrations of 97%, 50% and 10%.","Adapting the NF EN 13727 standard allowed assessing the 3 tested solutions: only CB was bactericidal in dirty conditions. This study proved the possibility of validating antiseptic choice in vitro, in current practice conditions, for adjunctive treatment of skin and mucous membranes disorders, primarily of bacterial origin or with a potential of superinfection.",,
34,Does rugby headgear prevent concussion?,"OBJECTIVES: To examine the attitudes of players and coaches to the use of protective headgear, particularly with respect to the prevention of concussion.
METHODS: A questionnaire designed to assess attitudes to headgear was administered to 63 players from four different Canadian teams, each representing a different level of play (high school, university, community club, national). In addition, coaches from all four levels were questioned about team policies and their personal opinions about the use of headgear to prevent concussion.
RESULTS: Although the players tended to believe that the headgear could prevent concussion (62%), the coaches were less convinced (33%). Despite the players' belief that headgear offers protection against concussion, only a minority reported wearing headgear (27%) and few (24%) felt that its use should be made mandatory. Common reasons for not wearing headgear were ""its use is not mandatory"", ""it is uncomfortable"", and ""it costs too much"".","Although most players in the study believe that rugby headgear may prevent concussion, only a minority reported wearing it. Coaches tended to be less convinced than the players that rugby headgear can prevent concussion.",,
35,Should chest wall irradiation be included after mastectomy and negative node breast cancer?,"PURPOSE: This study aims to evaluate local failure patterns in node negative breast cancer patients treated with post-mastectomy radiotherapy including internal mammary chain only.
PATIENTS AND METHODS: Retrospective analysis of 92 internal or central-breast node-negative tumours with mastectomy and external irradiation of the internal mammary chain at the dose of 50 Gy, from 1994 to 1998.
RESULTS: Local recurrence rate was 5 % (five cases). Recurrence sites were the operative scare and chest wall. Factors associated with increased risk of local failure were age<or = 40 years and tumour size greater than 20mm, without statistical significance.",Post-mastectomy radiotherapy should be discussed for a sub-group of node-negative patients with predictors factors of local failure such as age<or = 40 years and larger tumour size.,,
36,Sternal fracture in growing children : A rare and often overlooked fracture?,"BACKGROUND: Sternal fractures in childhood are rare. The aim of the study was to investigate the accident mechanism, the detection of radiological and sonographical criteria and consideration of associated injuries.
METHOD: In the period from January 2010 to December 2012 all inpatients and outpatients with sternal fractures were recorded according to the documentation.
RESULTS: A total of 4 children aged 5-14 years with a sternal fracture were treated in 2 years, 2 children were hospitalized for pain management and 2 remained in outpatient care.",Isolated sternal fractures in childhood are often due to typical age-related traumatic incidents. Ultrasonography is a useful diagnostic tool for fracture detection and radiography is the method of choice for visualization of the extent of the dislocation.,,
37,Do Web-based and clinic samples of gay men living with HIV differ on self-reported physical and psychological symptoms?,"BACKGROUND: Although the Internet is commonly used to recruit samples in studies of human immunodeficiency virus (HIV)-related risk behaviors, it has not been used to measure patient-reported well-being. As the burden of long-term chronic HIV infection rises, the Internet may offer enormous potential for recruitment to research and interventions.
OBJECTIVE: This study aimed to compare two samples of gay men living with HIV, one recruited via the Web and the other recruited in outpatient settings, in terms of self-reported physical and psychological symptom burden.
METHODS: The Internet sample was recruited from a UK-wide Web-based survey of gay men with diagnosed HIV. Of these, 154 respondents identified themselves as resident in London and were included in this analysis. The HIV clinic sample was recruited from five HIV outpatient clinics. Of these participants, 400 gay men recruited in London clinics were included in this analysis.
RESULTS: The Web-based sample was younger than the clinic sample (37.3 years, SD 7.0 vs 40.9 years, SD 8.3), more likely to be in paid employment (72.8%, 99/136 vs 60.1%, 227/378), less likely to be on antiretroviral therapy (ART) (58.4%, 90/154 vs 68.0%, 266/391), and had worse mean psychological symptom burden compared to the clinic sample (mean scores: 1.61, SD 1.09 vs 1.36, SD 0.96) but similar physical symptom burden (mean scores: 0.78, SD 0.65 vs 0.70, SD 0.74). In multivariable logistic regression, for the physical symptom burden model, adjusted for age, ethnicity, employment status, and ART use, the recruitment setting (ie, Web-based vs clinic) was not significantly associated with high physical symptom score. The only variable that remained significantly associated with high physical symptom score was employment status, with those in employment being less likely to report being in the upper (worst) physical symptom tertile versus the other two tertiles (adjusted OR 0.41, 95% CI 0.28-0.62, P<.001). For the psychological symptom burden model, those recruited via the Web were significantly more likely to report being in the upper (worst) tertile (adjusted OR 2.20, 95% CI 1.41-3.44, P=.001). In addition, those in employment were less likely to report being in the upper (worst) psychological symptom tertile compared to those not in employment (adjusted OR 0.32, 95% CI 0.21-0.49, P<.001).","Our data have revealed a number of differences. Compared to the clinic sample, the Web-based sample had worse psychological symptom burden, younger average age, higher prevalence of employment, and a lower proportion on ART. For future research, we recommend that Web-based data collection should include the demographic variables that we note differed between samples. In addition, we recognize that each recruitment method may bring inherent sampling bias, with clinic populations differing by geographical location and reflecting those accessing regular medical care, and Web-based sampling recruiting those with greater Internet access and identifying survey materials through specific searches and contact with specific websites.",,
38,Outcome Feedback within Emergency Medicine Training Programs: An Opportunity to Apply the Theory of Deliberate Practice?,"OBJECTIVES: Outcome feedback is the process of learning patient outcomes after their care within the emergency department. We conducted a national survey of Canadian Royal College emergency medicine (EM) residents and program directors to determine the extent to which active outcome feedback and follow-up occurred. We also compared the perceived educational value of outcome feedback between residents and program directors.
METHODS: We distributed surveys to all Royal College-accredited adult and pediatric EM training programs using a modified Dillman method. We analyzed the data using student's t-test for continuous variables and Fisher's exact test for categorical variables.
RESULTS: We received 210 completed surveys from 260 eligible residents (80.8%) and 21 of 24 program directors (87.5%) (overall 81.3%). Mandatory active outcome feedback was not present in any EM training program for admitted or discharged patients (0/21). Follow-up was performed electively by 89.4% of residents for patients admitted to the hospital, and by 44.2% of residents for patients discharged home. A majority of residents (76.9%) believed that patient follow-up should be mandatory compared to 42.9% of program directors (p=0.002). The perceived educational value of outcome feedback was 5.8/7 for residents and 5.1/7 for program directors (difference 0.7; p=0.002) based on a seven-point Likert scale (1=not important; 7=very important).","While Canadian EM training programs do not mandate follow-up, it is performed electively by the majority of residents surveyed. Residents place a significantly greater educational value on outcome feedback than their program directors, and believe that follow-up should be a mandatory component of EM residencies.",,
39,Does HER2 immunoreactivity provide prognostic information in locally advanced urothelial carcinoma patients receiving adjuvant M-VEC chemotherapy?,"INTRODUCTION: To evaluate the impact of HER2 immunoreactivity on clinical outcome in locally advanced urothelial carcinoma patients who received surgery alone, or methotrexate, vinblastine, epirubicin, and cisplatin (M-VEC) as adjuvant chemotherapy.
MATERIALS AND METHODS: We studied 114 formalin-fixed paraffin-embedded specimens obtained from locally advanced urothelial carcinoma patients receiving surgery alone or adjuvant M-VEC. The authors evaluated HER2 immunoreactivity using immunohistochemical staining and explored the influence of pathological parameters and HER2 immunoreactivity on progression-free survival (PFS) and disease-specific overall survival (OS) using univariate and multivariate Cox's analyses.
RESULTS: Urothelial carcinoma of the bladder had a significantly higher frequency of HER2 immunoreactivity than that of the upper urinary tract (60.7 vs. 20.7%, p<0.0001). Overall, nodal status was a strong and independent prognostic indicator for clinical outcome. The HER2 immunoreactivity was significantly associated with PFS (p = 0.02) and disease-specific OS (p = 0.005) in advanced urothelial carcinoma patients. As for patients with adjuvant M-VEC, HER2 immunoreactivity was a significant prognostic factor for PFS (p = 0.03) and disease-specific OS (p = 0.02) using univariate analysis, but not multivariate analysis, and not for patients receiving watchful waiting.",HER2 immunoreactivity might have a limited prognostic value for advanced urothelial carcinoma patients with adjuvant M-VEC.,,
40,Does self-efficacy mediate the relationship between transformational leadership behaviours and healthcare workers' sleep quality?,"BACKGROUND: Although there is evidence for the influential role of transformational leadership on health outcomes, researchers have used either attitude outcomes (e.g. job satisfaction) or softer health measures, such as general well-being. Specific measures of well-being such as sleep quality have not been used, despite its association with working conditions.
METHODS: A longitudinal design was used to collect data from Danish healthcare workers at time 1 in 2005 (n = 447) and 18 months later at time 2 in 2007 (n = 274). Structural equation modelling was used to investigate the relationships between transformational leadership, self-efficacy and sleep quality at both time points independently (cross-sectionally) and longitudinally.
RESULTS: For all constructs, time 2 measures were influenced by the baseline level. Direct relationships between transformational leadership and sleep quality were found. This relationship was negative cross-sectionally at both time points, but positive between baseline and follow-up. The relationship between leadership and employees' sleep quality was not mediated by employees' self-efficacy.","Our results indicate that training managers in transformational leadership behaviours may have a positive impact on healthcare workers' health over time. However, more research is needed to examine the mechanisms by which transformational leadership brings about improved sleep quality; self-efficacy was not found to be the explanation.",,
